PRAGMA foreign_keys=OFF;
BEGIN TRANSACTION;
CREATE TABLE "django_migrations" ("id" integer NOT NULL PRIMARY KEY AUTOINCREMENT, "app" varchar(255) NOT NULL, "name" varchar(255) NOT NULL, "applied" datetime NOT NULL);
INSERT INTO "django_migrations" VALUES(1,'contenttypes','0001_initial','2016-11-07 02:45:37.018953');
INSERT INTO "django_migrations" VALUES(2,'auth','0001_initial','2016-11-07 02:45:37.051019');
INSERT INTO "django_migrations" VALUES(3,'admin','0001_initial','2016-11-07 02:45:37.075719');
INSERT INTO "django_migrations" VALUES(4,'admin','0002_logentry_remove_auto_add','2016-11-07 02:45:37.099832');
INSERT INTO "django_migrations" VALUES(5,'contenttypes','0002_remove_content_type_name','2016-11-07 02:45:37.152450');
INSERT INTO "django_migrations" VALUES(6,'auth','0002_alter_permission_name_max_length','2016-11-07 02:45:37.179637');
INSERT INTO "django_migrations" VALUES(7,'auth','0003_alter_user_email_max_length','2016-11-07 02:45:37.202889');
INSERT INTO "django_migrations" VALUES(8,'auth','0004_alter_user_username_opts','2016-11-07 02:45:37.227240');
INSERT INTO "django_migrations" VALUES(9,'auth','0005_alter_user_last_login_null','2016-11-07 02:45:37.251326');
INSERT INTO "django_migrations" VALUES(10,'auth','0006_require_contenttypes_0002','2016-11-07 02:45:37.257135');
INSERT INTO "django_migrations" VALUES(11,'auth','0007_alter_validators_add_error_messages','2016-11-07 02:45:37.303390');
INSERT INTO "django_migrations" VALUES(12,'auth','0008_alter_user_username_max_length','2016-11-07 02:45:37.329594');
INSERT INTO "django_migrations" VALUES(13,'papers','0001_initial','2016-11-07 02:45:37.344579');
INSERT INTO "django_migrations" VALUES(14,'papers','0002_auto_20161107_0245','2016-11-07 02:45:37.375140');
INSERT INTO "django_migrations" VALUES(15,'sessions','0001_initial','2016-11-07 02:45:37.391047');
INSERT INTO "django_migrations" VALUES(20,'papers','0003_auto_20161107_0321','2016-11-07 03:31:19.467562');
CREATE TABLE "auth_group" ("id" integer NOT NULL PRIMARY KEY AUTOINCREMENT, "name" varchar(80) NOT NULL UNIQUE);
CREATE TABLE "auth_group_permissions" ("id" integer NOT NULL PRIMARY KEY AUTOINCREMENT, "group_id" integer NOT NULL REFERENCES "auth_group" ("id"), "permission_id" integer NOT NULL REFERENCES "auth_permission" ("id"));
CREATE TABLE "auth_user_groups" ("id" integer NOT NULL PRIMARY KEY AUTOINCREMENT, "user_id" integer NOT NULL REFERENCES "auth_user" ("id"), "group_id" integer NOT NULL REFERENCES "auth_group" ("id"));
CREATE TABLE "auth_user_user_permissions" ("id" integer NOT NULL PRIMARY KEY AUTOINCREMENT, "user_id" integer NOT NULL REFERENCES "auth_user" ("id"), "permission_id" integer NOT NULL REFERENCES "auth_permission" ("id"));
CREATE TABLE "django_admin_log" ("id" integer NOT NULL PRIMARY KEY AUTOINCREMENT, "object_id" text NULL, "object_repr" varchar(200) NOT NULL, "action_flag" smallint unsigned NOT NULL, "change_message" text NOT NULL, "content_type_id" integer NULL REFERENCES "django_content_type" ("id"), "user_id" integer NOT NULL REFERENCES "auth_user" ("id"), "action_time" datetime NOT NULL);
INSERT INTO "django_admin_log" VALUES(1,'1','Collection 1: nup papers, with 0 papers',1,'[{"added": {}}]',3,1,'2016-11-07 02:47:26.587491');
INSERT INTO "django_admin_log" VALUES(2,'1','Collection 1: nup papers, with 0 papers',2,'[]',3,1,'2016-11-07 02:47:30.855288');
INSERT INTO "django_admin_log" VALUES(3,'1','Collection 1: nup papers, with 0 papers',2,'[]',3,1,'2016-11-07 02:47:33.764946');
INSERT INTO "django_admin_log" VALUES(4,'1','Paper 1: A Runtime Compilation Library for Improving HPC Application Performance',1,'[{"added": {}}]',2,1,'2016-11-07 03:16:03.747523');
INSERT INTO "django_admin_log" VALUES(5,'1','CollectionPapers object',1,'[{"added": {}}]',1,1,'2016-11-07 03:19:13.387174');
INSERT INTO "django_admin_log" VALUES(6,'1','Paper 1: A Runtime Compilation Library for Improving HPC Application Performance',2,'[{"changed": {"fields": ["pdf_url"]}}]',2,1,'2016-11-07 03:33:17.989016');
INSERT INTO "django_admin_log" VALUES(7,'1','CollectionPapers object',2,'[{"changed": {"fields": ["notes"]}}]',1,1,'2016-11-07 03:33:59.158325');
INSERT INTO "django_admin_log" VALUES(8,'2','Paper 2: Paper 2',2,'[{"changed": {"fields": ["title"]}}]',2,1,'2016-11-07 05:39:45.311066');
CREATE TABLE "django_content_type" ("id" integer NOT NULL PRIMARY KEY AUTOINCREMENT, "app_label" varchar(100) NOT NULL, "model" varchar(100) NOT NULL);
INSERT INTO "django_content_type" VALUES(1,'papers','collectionpapers');
INSERT INTO "django_content_type" VALUES(2,'papers','paper');
INSERT INTO "django_content_type" VALUES(3,'papers','collection');
INSERT INTO "django_content_type" VALUES(4,'admin','logentry');
INSERT INTO "django_content_type" VALUES(5,'auth','user');
INSERT INTO "django_content_type" VALUES(6,'auth','group');
INSERT INTO "django_content_type" VALUES(7,'auth','permission');
INSERT INTO "django_content_type" VALUES(8,'contenttypes','contenttype');
INSERT INTO "django_content_type" VALUES(9,'sessions','session');
CREATE TABLE "auth_permission" ("id" integer NOT NULL PRIMARY KEY AUTOINCREMENT, "content_type_id" integer NOT NULL REFERENCES "django_content_type" ("id"), "codename" varchar(100) NOT NULL, "name" varchar(255) NOT NULL);
INSERT INTO "auth_permission" VALUES(1,1,'add_collectionpapers','Can add collection papers');
INSERT INTO "auth_permission" VALUES(2,1,'change_collectionpapers','Can change collection papers');
INSERT INTO "auth_permission" VALUES(3,1,'delete_collectionpapers','Can delete collection papers');
INSERT INTO "auth_permission" VALUES(4,2,'add_paper','Can add paper');
INSERT INTO "auth_permission" VALUES(5,2,'change_paper','Can change paper');
INSERT INTO "auth_permission" VALUES(6,2,'delete_paper','Can delete paper');
INSERT INTO "auth_permission" VALUES(7,3,'add_collection','Can add collection');
INSERT INTO "auth_permission" VALUES(8,3,'change_collection','Can change collection');
INSERT INTO "auth_permission" VALUES(9,3,'delete_collection','Can delete collection');
INSERT INTO "auth_permission" VALUES(10,4,'add_logentry','Can add log entry');
INSERT INTO "auth_permission" VALUES(11,4,'change_logentry','Can change log entry');
INSERT INTO "auth_permission" VALUES(12,4,'delete_logentry','Can delete log entry');
INSERT INTO "auth_permission" VALUES(13,5,'add_user','Can add user');
INSERT INTO "auth_permission" VALUES(14,5,'change_user','Can change user');
INSERT INTO "auth_permission" VALUES(15,5,'delete_user','Can delete user');
INSERT INTO "auth_permission" VALUES(16,6,'add_group','Can add group');
INSERT INTO "auth_permission" VALUES(17,6,'change_group','Can change group');
INSERT INTO "auth_permission" VALUES(18,6,'delete_group','Can delete group');
INSERT INTO "auth_permission" VALUES(19,7,'add_permission','Can add permission');
INSERT INTO "auth_permission" VALUES(20,7,'change_permission','Can change permission');
INSERT INTO "auth_permission" VALUES(21,7,'delete_permission','Can delete permission');
INSERT INTO "auth_permission" VALUES(22,8,'add_contenttype','Can add content type');
INSERT INTO "auth_permission" VALUES(23,8,'change_contenttype','Can change content type');
INSERT INTO "auth_permission" VALUES(24,8,'delete_contenttype','Can delete content type');
INSERT INTO "auth_permission" VALUES(25,9,'add_session','Can add session');
INSERT INTO "auth_permission" VALUES(26,9,'change_session','Can change session');
INSERT INTO "auth_permission" VALUES(27,9,'delete_session','Can delete session');
CREATE TABLE "auth_user" ("id" integer NOT NULL PRIMARY KEY AUTOINCREMENT, "password" varchar(128) NOT NULL, "last_login" datetime NULL, "is_superuser" bool NOT NULL, "first_name" varchar(30) NOT NULL, "last_name" varchar(30) NOT NULL, "email" varchar(254) NOT NULL, "is_staff" bool NOT NULL, "is_active" bool NOT NULL, "date_joined" datetime NOT NULL, "username" varchar(150) NOT NULL UNIQUE);
INSERT INTO "auth_user" VALUES(1,'pbkdf2_sha256$30000$Hxb8ivBNHHVP$v91CM5U2eQHCvsAU0mT+mgSdhXZLyimyqhYXG3Q1pHE=','2016-11-07 02:47:16.303621',1,'','','',1,1,'2016-11-07 02:47:15.303403','kmod');
CREATE TABLE "papers_collection" ("id" integer NOT NULL PRIMARY KEY AUTOINCREMENT, "name" varchar(255) NOT NULL);
INSERT INTO "papers_collection" VALUES(1,'nup papers');
CREATE TABLE "django_session" ("session_key" varchar(40) NOT NULL PRIMARY KEY, "session_data" text NOT NULL, "expire_date" datetime NOT NULL);
INSERT INTO "django_session" VALUES('jiqtoqxt6f65t0b3cjfj9lp0imoobxox','NTU1NmYwZDc5OTNiODdhOGZlMzFlYWU2YTRlMzhlNjRhZGUyZGE1Nzp7Il9hdXRoX3VzZXJfYmFja2VuZCI6ImRqYW5nby5jb250cmliLmF1dGguYmFja2VuZHMuTW9kZWxCYWNrZW5kIiwiX2F1dGhfdXNlcl9pZCI6IjEiLCJfYXV0aF91c2VyX2hhc2giOiJhMWEwYzM0ZTFmZjJkZjhkMmY4NzcyMTE1MDRkOWEyY2EwMmZhOWJlIn0=','2016-11-21 02:47:16.309990');
CREATE TABLE "papers_paper" ("id" integer NOT NULL PRIMARY KEY AUTOINCREMENT, "title" varchar(255) NOT NULL, "pdf_url" text NOT NULL);
INSERT INTO "papers_paper" VALUES(1,'A Runtime Compilation Library for Improving HPC Application Performance','https://opus4.kobv.de/opus4-zib/files/6073/kart_zr.pdf');
INSERT INTO "papers_paper" VALUES(6,'ARAPrototyper: Enabling Rapid Prototyping and Evaluation for Accelerator-Rich Architectures','https://arxiv.org/pdf/1610.09761');
INSERT INTO "papers_paper" VALUES(7,'Code generation from a domain-specific language for C based HLS of hardware accelerators','');
INSERT INTO "papers_paper" VALUES(8,'Darkroom: Compiling high-end image processing code into hardware pipelines','');
INSERT INTO "papers_paper" VALUES(9,'Halide: A language and compiler for optimizing parallelism, locality, and recomputation in image processing pipelines','');
INSERT INTO "papers_paper" VALUES(10,'Terra: A multi-stage language for high-performance computing','https://pdfs.semanticscholar.org/943f/74949f0aef37bb76c4f9d06e32144fcdd2a3.pdf');
INSERT INTO "papers_paper" VALUES(11,'Understanding sources of inefficiency in general-purpose chips','');
INSERT INTO "papers_paper" VALUES(12,'The Pochoir stencil compiler','http://dspace.mit.edu/openaccess-disseminate/1721.1/72122');
INSERT INTO "papers_paper" VALUES(13,'Avoiding game over: Bringing design to the next level','');
INSERT INTO "papers_paper" VALUES(14,'Comparison of FPGA and GPU implementations of real-time stereo vision','');
INSERT INTO "papers_paper" VALUES(15,'Compiled multithreaded data paths on FPGAs for dynamic workloads','');
INSERT INTO "papers_paper" VALUES(16,'Decoupling algorithms from schedules for easy optimization of image processing pipelines','');
INSERT INTO "papers_paper" VALUES(17,'FCUDA: Enabling efficient compilation of CUDA kernels onto FPGAs','');
INSERT INTO "papers_paper" VALUES(18,'From OpenCL to high-performance hardware on FPGAs','');
INSERT INTO "papers_paper" VALUES(19,'From software threads to parallel hardware in high-level synthesis for FPGAs','');
INSERT INTO "papers_paper" VALUES(20,'Generating Configurable Hardware from Parallel Patterns','');
INSERT INTO "papers_paper" VALUES(21,'Gramps: A programming model for graphics pipelines','');
INSERT INTO "papers_paper" VALUES(22,'Joint minimization of code and data for synchronous dataflow programs','');
INSERT INTO "papers_paper" VALUES(23,'Pattern-based behavior synthesis for FPGA resource calculation','');
INSERT INTO "papers_paper" VALUES(24,'Programming Heterogenous Systems from an Image Processing DSL','https://arxiv.org/pdf/1610.09405.pdf');
INSERT INTO "papers_paper" VALUES(25,'High Level Synthesis with a Dataflow Architectural Template','');
INSERT INTO "papers_paper" VALUES(26,'Empowering OpenMP with automatically Generated Hardware','');
INSERT INTO "papers_paper" VALUES(27,'A review on 3D Network on Chip: Architecture design and optimization of multi-core media applications','');
INSERT INTO "papers_paper" VALUES(29,'Transparent In-Circuit Assertions for FPGAs','');
INSERT INTO "papers_paper" VALUES(30,'HPVM: A Portable Virtual Instruction Set for Heterogeneous Parallel Systems','');
INSERT INTO "papers_paper" VALUES(31,'A Performance Survey on Stack-based and Register-based Virtual Machines','');
INSERT INTO "papers_paper" VALUES(32,'The Processing Using Memory Paradigm:In-DRAM Bulk Copy, Initialization, Bitwise AND and OR','');
INSERT INTO "papers_paper" VALUES(33,'Big Data Frameworks: A Comparative Study','');
INSERT INTO "papers_paper" VALUES(34,'KeystoneML: Optimizing Pipelines for Large-Scale Advanced Analytics','');
INSERT INTO "papers_paper" VALUES(35,'Accelerating BLAS on Custom Architecture through Algorithm-Architecture Co-design','');
INSERT INTO "papers_paper" VALUES(36,'Accelerating BLAS and LAPACK via Efficient Floating Point Architecture Design','');
CREATE TABLE "papers_collectionpapers" ("id" integer NOT NULL PRIMARY KEY AUTOINCREMENT, "priority" integer NOT NULL, "notes" text NOT NULL, "collection_id" integer NOT NULL REFERENCES "papers_collection" ("id"), "paper_id" integer NOT NULL REFERENCES "papers_paper" ("id"), "read" integer NOT NULL);
INSERT INTO "papers_collectionpapers" VALUES(1,1,'aoeu',1,1,0);
INSERT INTO "papers_collectionpapers" VALUES(6,1,'',1,6,0);
INSERT INTO "papers_collectionpapers" VALUES(7,2,'',1,7,0);
INSERT INTO "papers_collectionpapers" VALUES(8,2,'',1,8,0);
INSERT INTO "papers_collectionpapers" VALUES(9,2,'',1,9,0);
INSERT INTO "papers_collectionpapers" VALUES(10,3,'',1,10,0);
INSERT INTO "papers_collectionpapers" VALUES(11,2,'',1,11,0);
INSERT INTO "papers_collectionpapers" VALUES(12,1,'',1,12,0);
INSERT INTO "papers_collectionpapers" VALUES(13,1,'',1,13,0);
INSERT INTO "papers_collectionpapers" VALUES(14,1,'',1,14,0);
INSERT INTO "papers_collectionpapers" VALUES(15,1,'',1,15,0);
INSERT INTO "papers_collectionpapers" VALUES(16,1,'',1,16,0);
INSERT INTO "papers_collectionpapers" VALUES(17,1,'',1,17,0);
INSERT INTO "papers_collectionpapers" VALUES(18,1,'',1,18,0);
INSERT INTO "papers_collectionpapers" VALUES(19,2,'',1,19,0);
INSERT INTO "papers_collectionpapers" VALUES(20,2,'',1,20,0);
INSERT INTO "papers_collectionpapers" VALUES(21,1,'',1,21,0);
INSERT INTO "papers_collectionpapers" VALUES(22,1,'',1,22,0);
INSERT INTO "papers_collectionpapers" VALUES(23,1,'',1,23,0);
INSERT INTO "papers_collectionpapers" VALUES(24,1,'',1,24,0);
INSERT INTO "papers_collectionpapers" VALUES(25,1,'',1,25,0);
INSERT INTO "papers_collectionpapers" VALUES(26,1,'',1,26,0);
INSERT INTO "papers_collectionpapers" VALUES(27,1,'',1,27,0);
INSERT INTO "papers_collectionpapers" VALUES(29,1,'',1,29,0);
INSERT INTO "papers_collectionpapers" VALUES(30,1,'',1,30,0);
INSERT INTO "papers_collectionpapers" VALUES(31,1,'',1,31,0);
INSERT INTO "papers_collectionpapers" VALUES(32,1,'',1,32,0);
INSERT INTO "papers_collectionpapers" VALUES(33,1,'',1,33,0);
INSERT INTO "papers_collectionpapers" VALUES(34,1,'',1,34,0);
INSERT INTO "papers_collectionpapers" VALUES(35,1,'',1,35,0);
INSERT INTO "papers_collectionpapers" VALUES(36,1,'',1,36,0);
DELETE FROM sqlite_sequence;
INSERT INTO "sqlite_sequence" VALUES('django_migrations',20);
INSERT INTO "sqlite_sequence" VALUES('django_admin_log',8);
INSERT INTO "sqlite_sequence" VALUES('django_content_type',9);
INSERT INTO "sqlite_sequence" VALUES('auth_permission',27);
INSERT INTO "sqlite_sequence" VALUES('auth_user',1);
INSERT INTO "sqlite_sequence" VALUES('papers_collection',1);
INSERT INTO "sqlite_sequence" VALUES('papers_paper',36);
INSERT INTO "sqlite_sequence" VALUES('papers_collectionpapers',36);
CREATE UNIQUE INDEX "auth_group_permissions_group_id_0cd325b0_uniq" ON "auth_group_permissions" ("group_id", "permission_id");
CREATE INDEX "auth_group_permissions_0e939a4f" ON "auth_group_permissions" ("group_id");
CREATE INDEX "auth_group_permissions_8373b171" ON "auth_group_permissions" ("permission_id");
CREATE UNIQUE INDEX "auth_user_groups_user_id_94350c0c_uniq" ON "auth_user_groups" ("user_id", "group_id");
CREATE INDEX "auth_user_groups_e8701ad4" ON "auth_user_groups" ("user_id");
CREATE INDEX "auth_user_groups_0e939a4f" ON "auth_user_groups" ("group_id");
CREATE UNIQUE INDEX "auth_user_user_permissions_user_id_14a6b632_uniq" ON "auth_user_user_permissions" ("user_id", "permission_id");
CREATE INDEX "auth_user_user_permissions_e8701ad4" ON "auth_user_user_permissions" ("user_id");
CREATE INDEX "auth_user_user_permissions_8373b171" ON "auth_user_user_permissions" ("permission_id");
CREATE INDEX "django_admin_log_417f1b1c" ON "django_admin_log" ("content_type_id");
CREATE INDEX "django_admin_log_e8701ad4" ON "django_admin_log" ("user_id");
CREATE UNIQUE INDEX "django_content_type_app_label_76bd3d3b_uniq" ON "django_content_type" ("app_label", "model");
CREATE UNIQUE INDEX "auth_permission_content_type_id_01ab375a_uniq" ON "auth_permission" ("content_type_id", "codename");
CREATE INDEX "auth_permission_417f1b1c" ON "auth_permission" ("content_type_id");
CREATE INDEX "django_session_de54fa62" ON "django_session" ("expire_date");
CREATE INDEX "papers_collectionpapers_0a1a4dd8" ON "papers_collectionpapers" ("collection_id");
CREATE INDEX "papers_collectionpapers_f197767f" ON "papers_collectionpapers" ("paper_id");
COMMIT;
